{
    "homography_matrix": [
        [
            -2.391266326879489,
            0.060398963418022374,
            770.7171615837024
        ],
        [
            0.0020388387140018683,
            2.143801899481567,
            -211.25820085528122
        ],
        [
            2.6460643151336903e-05,
            1.2209457474825895e-08,
            0.9999999999999999
        ]
    ],
    "side": "left",
    "field_dims": [
        343.5,
        586.0
    ],
    "offsets": {
        "left_top": -95,
        "left_bottom": 8,
        "left_left": -100,
        "left_right": -101
    },
    "raw_slider_values": {
        "left_top": -95,
        "left_bottom": 8,
        "left_left": -100,
        "left_right": -101,
        "right_top": 10,
        "right_bottom": -91,
        "right_left": -92,
        "right_right": -97
    }
}