{
    "homography_matrix": [
        [
            -1.7843594230733173,
            -0.005127862069277988,
            565.0289341745149
        ],
        [
            -0.05413427923395927,
            1.6788910402575963,
            -105.99753252037816
        ],
        [
            -5.1040012097529676e-05,
            7.306263906589845e-06,
            1.0
        ]
    ],
    "side": "left",
    "field_dims": [
        343.5,
        586.0
    ],
    "offsets": {
        "left_top": 4,
        "left_bottom": 41,
        "left_left": 12,
        "left_right": 16
    },
    "raw_slider_values": {
        "left_top": 4,
        "left_bottom": 41,
        "left_left": 12,
        "left_right": 16,
        "right_top": 39,
        "right_bottom": 6,
        "right_left": 9,
        "right_right": 6
    }
}