{
    "homography_matrix": [
        [
            -2.4750729377063907,
            0.09190685347269001,
            743.0246972951601
        ],
        [
            0.03958192990240566,
            2.130827226412843,
            -847.2099783840133
        ],
        [
            0.0,
            0.0,
            1.0
        ]
    ],
    "side": "right",
    "field_dims": [
        343.5,
        586.0
    ],
    "offsets": {
        "right_top": -7,
        "right_bottom": -62,
        "right_left": -94,
        "right_right": -91
    },
    "raw_slider_values": {
        "left_top": -73,
        "left_bottom": -1,
        "left_left": -104,
        "left_right": -90,
        "right_top": -7,
        "right_bottom": -62,
        "right_left": -94,
        "right_right": -91
    }
}