{
    "homography_matrix": [
        [
            -1.9262511770951305,
            0.01339075338990554,
            693.096738476486
        ],
        [
            -0.02400364521426673,
            1.8138406687998263,
            -758.2785441381261
        ],
        [
            3.774158052557639e-05,
            0.00011734442663697163,
            1.0
        ]
    ],
    "side": "right",
    "field_dims": [
        343.5,
        586.0
    ],
    "offsets": {
        "right_top": 39,
        "right_bottom": 6,
        "right_left": 9,
        "right_right": 6
    },
    "raw_slider_values": {
        "left_top": 4,
        "left_bottom": 41,
        "left_left": 12,
        "left_right": 16,
        "right_top": 39,
        "right_bottom": 6,
        "right_left": 9,
        "right_right": 6
    }
}