{
    "homography_matrix": [
        [
            -2.4317266670725384,
            0.09685690962068594,
            862.6274721404474
        ],
        [
            0.06495008749172697,
            2.1533452083795668,
            -896.4623412432663
        ],
        [
            0.0,
            0.0,
            1.0
        ]
    ],
    "side": "right",
    "field_dims": [
        343.5,
        586.0
    ],
    "offsets": {
        "right_top": 10,
        "right_bottom": -91,
        "right_left": -92,
        "right_right": -97
    },
    "raw_slider_values": {
        "left_top": -95,
        "left_bottom": 8,
        "left_left": -100,
        "left_right": -101,
        "right_top": 10,
        "right_bottom": -91,
        "right_left": -92,
        "right_right": -97
    }
}