{
    "homography_matrix": [
        [
            -2.398080591984528,
            0.048502513616711235,
            667.64362172436
        ],
        [
            0.036499962350305684,
            2.1154108614329403,
            -206.66596073720098
        ],
        [
            -3.1282681905395434e-05,
            8.655351464328183e-05,
            1.0
        ]
    ],
    "side": "left",
    "field_dims": [
        343.5,
        586.0
    ],
    "offsets": {
        "left_top": -73,
        "left_bottom": -1,
        "left_left": -104,
        "left_right": -90
    },
    "raw_slider_values": {
        "left_top": -73,
        "left_bottom": -1,
        "left_left": -104,
        "left_right": -90,
        "right_top": -7,
        "right_bottom": -62,
        "right_left": -94,
        "right_right": -91
    }
}