{
    "camera_matrix": [
        [
            520.8749255246056,
            0.0,
            313.3816283658983
        ],
        [
            0.0,
            521.8708839528626,
            236.7922851609488
        ],
        [
            0.0,
            0.0,
            1.0
        ]
    ],
    "dist_coeffs": [
        [
            -0.10254978315462222,
            0.27231847908399337,
            -0.0008672696237649695,
            -0.004437395392452849,
            -0.12194688333180222
        ]
    ],
    "reprojection_error": 1.127206973216887,
    "image_width": 640,
    "image_height": 480,
    "side": "right"
}