{
    "camera_matrix": [
        [
            539.5493308580071,
            0.0,
            308.24874887478825
        ],
        [
            0.0,
            538.7099128380138,
            229.6167431026883
        ],
        [
            0.0,
            0.0,
            1.0
        ]
    ],
    "dist_coeffs": [
        [
            -0.0799713864510102,
            0.017918458990570273,
            -0.006289879694121306,
            -0.0003335926150175469,
            0.6022925230075761
        ]
    ],
    "reprojection_error": 1.7565712847022736,
    "image_width": 640,
    "image_height": 480,
    "side": "left"
}