{
    "camera_matrix": [
        [
            534.2256199350105,
            0.0,
            307.38110753603655
        ],
        [
            0.0,
            535.586788558222,
            236.1892208909652
        ],
        [
            0.0,
            0.0,
            1.0
        ]
    ],
    "dist_coeffs": [
        [
            -0.03552299493431481,
            -0.15084049324455356,
            0.0018585463816158745,
            -1.6909019186714406e-05,
            0.526588176979365
        ]
    ],
    "reprojection_error": 0.970788565575262,
    "image_width": 640,
    "image_height": 480,
    "side": "left"
}