{
    "camera_matrix": [
        [
            518.8496299636454,
            0.0,
            317.3688374644133
        ],
        [
            0.0,
            519.4203722034389,
            230.7034676330189
        ],
        [
            0.0,
            0.0,
            1.0
        ]
    ],
    "dist_coeffs": [
        [
            -0.1408326773849047,
            0.4915707000854758,
            -0.00408787901691033,
            0.0006573903133048004,
            -0.5531792976847121
        ]
    ],
    "reprojection_error": 1.279961838931728,
    "image_width": 640,
    "image_height": 480,
    "side": "right"
}