{
    "camera_matrix": [
        [
            531.3965924720329,
            0.0,
            318.6603284524503
        ],
        [
            0.0,
            528.643031366224,
            226.56883360722318
        ],
        [
            0.0,
            0.0,
            1.0
        ]
    ],
    "dist_coeffs": [
        [
            -0.12600292718488942,
            0.5522884490222205,
            -0.006761934872186109,
            -0.002161036397539857,
            -0.8242681885723612
        ]
    ],
    "reprojection_error": 1.2830826802483881,
    "image_width": 640,
    "image_height": 480,
    "side": "right"
}