{
    "camera_matrix": [
        [
            541.5866805985685,
            0.0,
            297.51703140696327
        ],
        [
            0.0,
            541.1186993817382,
            234.961127232095
        ],
        [
            0.0,
            0.0,
            1.0
        ]
    ],
    "dist_coeffs": [
        [
            -0.09892862718476064,
            0.20373531407124698,
            -0.000354743980758729,
            -0.004331442429470882,
            -0.14454022787652226
        ]
    ],
    "reprojection_error": 1.777635369913352,
    "image_width": 640,
    "image_height": 480,
    "side": "left"
}