{
    "camera_matrix": [
        [
            628.7292866560356,
            0.0,
            341.4161040530965
        ],
        [
            0.0,
            629.5706654123474,
            309.41039764318685
        ],
        [
            0.0,
            0.0,
            1.0
        ]
    ],
    "dist_coeffs": [
        [
            -0.41968731930162567,
            4.429729779320727,
            0.028682083164074636,
            0.016457201589333368,
            -13.288477318150298
        ]
    ],
    "reprojection_error": 4.1552463061914375,
    "image_width": 640,
    "image_height": 480,
    "side": "left"
}