{
    "camera_matrix": [
        [
            641.7003579484667,
            0.0,
            340.740568021384
        ],
        [
            0.0,
            627.8783626181827,
            284.30205872691147
        ],
        [
            0.0,
            0.0,
            1.0
        ]
    ],
    "dist_coeffs": [
        [
            0.8735203419796497,
            -14.861774417655997,
            0.047373130566417836,
            -0.0021685460356940293,
            95.96119453664005
        ]
    ],
    "reprojection_error": 3.5091176810907476,
    "image_width": 640,
    "image_height": 480,
    "side": "right"
}